id,prediction
0,0.003016618390102782
1,0.0
2,0.29684148326533755
3,49.78773253697298
4,290.83588277853113
5,819.7539253566541
6,1757.7408395166483
7,2444.8011815895416
8,2783.6813048327676
9,2860.5304283589535
10,2728.9547164448695
11,2643.689572311198
12,2439.1396616958373
13,2420.3648969011465
14,2165.228696347304
15,1568.6574311699899
16,1029.8600394627733
17,603.1226467471287
18,237.07229730484752
19,13.52233380014443
20,0.07021151011933324
21,0.0029495927736285787
22,0.5847247359607742
23,0.5760903270915053
24,0.0
25,0.8841060808830357
26,6.210189134861345
27,184.31342437528232
28,710.9613907321316
29,1170.5136346182217
30,1857.431567946123
31,2806.8513877402315
32,3612.0531384789488
33,3937.073163220477
34,3998.914317246676
35,4033.3790988930537
36,3996.8516170794405
37,3961.7308321239507
38,3621.9780031672235
39,2869.0404220622486
40,1939.2263811605849
41,950.417306991392
42,399.55973462108904
43,94.77527051757792
44,9.221616174407922
45,2.066941646243057
46,0.9674866800854743
47,4.893120614118672
48,0.0
49,0.02195990610575238
50,23.053537960273793
51,230.66470335650328
52,664.120126208383
53,1563.6778777336992
54,2820.0981461898177
55,3803.8958081731994
56,4507.968944728378
57,4856.271187489363
58,4827.208944649137
59,4530.649782899294
60,4300.17334925872
61,4036.5065803478915
62,3083.28774414991
63,2062.590184021376
64,1297.8701251917264
65,825.7024877403837
66,451.03465297123483
67,133.506490513628
68,1.7227432861987853
69,0.0
70,0.050159147567489584
71,0.0
72,0.8984390659759782
73,0.7542362656731022
74,6.081776085406035
75,122.91925799081847
76,389.52453943615933
77,1415.598422103131
78,2696.8554933370415
79,3667.4839190085213
80,4150.270707279012
81,3512.854237567585
82,3569.3182472355984
83,3304.190240575681
84,3219.061067854792
85,3434.79352928683
86,3521.294440414297
87,3041.379582936497
88,1788.2923589499492
89,671.5578040909512
90,347.07859306789476
91,117.46568566284829
92,1.1238262631784404
93,0.42624895813629843
94,0.0
95,1.0638048744419968
96,0.0
97,2.632463822259528
98,80.91323166173483
99,276.2620637315869
100,564.6999468684396
101,1528.9815419039146
102,2669.9115819760336
103,3651.8707660974856
104,4354.874142272411
105,4696.521885957128
106,4965.436817562054
107,5008.495221831927
108,4714.42328813422
109,4312.7457308680505
110,3651.112161272435
111,2778.185507615368
112,1890.2072722750322
113,1057.2451498046007
114,477.1829873045133
115,205.01643900003293
116,14.066379967342417
117,0.0
118,0.0
119,0.0
120,0.0
121,1.3910256443250364
122,57.664366275170345
123,232.65659700987302
124,661.4696001737818
125,1631.3882550949165
126,2792.816012136796
127,3769.6459369413933
128,3826.3336864888934
129,3474.9911354258707
130,3406.7758796975927
131,3360.50649835231
132,3381.6412290350854
133,3678.0202795003606
134,3420.6185560040662
135,2532.0246893110193
136,1613.8867835278213
137,911.650147727171
138,519.3656459835831
139,223.09344758122722
140,16.532533560467808
141,0.03891741009369691
142,0.17196297761797869
143,0.0
144,0.0
145,0.39451158122209096
146,53.908212768676385
147,241.36698598212905
148,675.1308741879897
149,1629.1741914222732
150,2836.952441033639
151,3777.6080382863925
152,4485.076643494246
153,4545.026715891606
154,4372.253329578442
155,4305.639537957146
156,3961.198823424488
157,3757.425336376736
158,3374.2359447416547
159,2476.6226586659295
160,1619.8329772369661
161,876.1621129763346
162,434.1074218353332
163,182.0592022370411
164,3.848464484603841
165,0.23594407660825517
166,0.0
167,0.0
168,0.0
169,0.6406871726570958
170,7.973584652441839
171,66.00013219898901
172,110.872124337299
173,213.41403183012923
174,328.8246694558318
175,492.28775923899707
176,618.8758080046867
177,727.8202184550635
178,841.5282647282888
179,1245.2389510092378
180,1777.1303858777837
181,1886.5012425944558
182,1984.2610690956994
183,1815.829102546983
184,1216.781915275333
185,703.6865920839734
186,311.32116042843364
187,134.37310883810255
188,11.78837709579362
189,0.0
190,0.08738637707528693
191,0.0
192,0.0
193,0.49642980158717853
194,40.46769346083714
195,182.16112907147016
196,341.1028980400173
197,637.3843329303521
198,1155.123268038985
199,1903.1718104803608
200,1483.1487105798108
201,2065.7990590490026
202,2402.590971310706
203,1965.891686124843
204,2461.4293586999092
205,2614.4406804499504
206,2294.6079749087626
207,1245.1915225440962
208,697.8590831100206
209,367.0959678843395
210,172.2973595989648
211,57.84845625434022
212,2.9632714978665815
213,0.0
214,0.5234003221060136
215,0.4762780801753186
216,0.5329556965374538
217,1.9115617438490393
218,14.203830533671642
219,72.37264026702648
220,119.81301864104526
221,273.68624409686464
222,481.83655664866836
223,1112.610261601147
224,1406.642953739055
225,1360.79152804446
226,1262.3285114796877
227,1204.3390691459804
228,960.396021730534
229,840.1402656947947
230,735.8873493533206
231,615.6649736689701
232,414.56275165705864
233,249.99495378680976
234,172.51038516008146
235,45.84867489475281
236,1.1047708981035615
237,0.0
238,0.0
239,0.0
240,0.07633286837238724
241,0.6282282530210215
242,23.99439816423908
243,93.79782079841826
244,259.6838412032087
245,635.9137993432382
246,1236.7923854971139
247,1831.5583363857763
248,1452.100641666496
249,1037.8063731488937
250,1153.9173804275524
251,1285.8777469723998
252,1651.2553862040884
253,1601.3399246785573
254,1616.9864687676513
255,1683.6368975072482
256,1325.910863787939
257,762.8781879664026
258,467.9954288411471
259,176.969698111591
260,18.386897404627668
261,0.0
262,0.0
263,0.0
264,0.0
265,0.0
266,42.20487667090119
267,143.81510491663838
268,360.99110416977584
269,631.4764667866292
270,954.092939207455
271,1295.9203864026358
272,1583.8766657767414
273,1614.0908384540114
274,1617.9222730003044
275,1806.6178972905025
276,1702.6051133200053
277,1557.0773377279759
278,1444.058571026627
279,1234.6908758092236
280,652.957932030597
281,335.98095647073154
282,180.98709184275972
283,64.919677191106
284,0.0
285,0.0
286,1.7555920228610162
287,0.0
288,0.0
289,0.0
290,42.917727407560335
291,126.64441797772844
292,324.3015208818433
293,665.7906439321106
294,1091.02878509848
295,1056.4587062903747
296,1317.0545648669943
297,1874.7456654468467
298,2039.8200386217884
299,1616.0275823388256
300,1482.9992191263068
301,1476.8972604508206
302,1311.2818559511659
303,1091.3450672620909
304,824.5437530111544
305,546.3587841873543
306,296.4148649327575
307,142.07806039450807
308,35.272007657908674
309,0.0
310,0.0
311,0.0
312,0.0
313,1.1005176584962375
314,44.805580310339366
315,158.51784191796594
316,381.37884974249175
317,754.8544242584891
318,1071.2911940854988
319,1619.0768207411286
320,2140.1775482285107
321,2411.420661097987
322,2203.052213170211
323,2081.7482743050546
324,1742.7980971895365
325,1342.055448624011
326,925.3870841801602
327,700.7197941197768
328,479.1616883671367
329,310.075134798437
330,159.45216216209016
331,87.92289879419783
332,16.647200602658444
333,0.6138305366167386
334,0.2893978584279516
335,0.0
336,0.0
337,0.0
338,7.522158376890012
339,65.17496111018707
340,231.70130193233769
341,420.3870244995352
342,539.7799474985205
343,754.9871253759891
344,964.0549764999593
345,1141.0408205398262
346,1288.4044419102272
347,1290.6193087256113
348,1338.6371487417518
349,1169.6243439806824
350,1047.3696260990475
351,898.9589277471324
352,682.0256148157695
353,390.66260209948507
354,249.2518446844686
355,96.03619453290146
356,31.13483593133225
357,0.5123382767488586
358,1.1346582615081684
359,0.0
360,0.0
361,0.0
362,33.288073533497624
363,115.86991002002746
364,238.90936622956502
365,400.57390658634887
366,697.9595962276693
367,1022.1908519378062
368,1349.9870735161173
369,1564.2675641516832
370,1588.6248213311178
371,1717.6485822706916
372,1745.856995265286
373,1467.6772818147779
374,1197.5414092519075
375,990.8533007739902
376,877.2680491032644
377,632.2211037208322
378,282.60608012599454
379,113.15638200469589
380,27.684302320024322
381,0.7179791472860217
382,1.1560535906985798
383,0.0
384,0.9796103490916931
385,4.195869639657418
386,31.91937805673209
387,102.14458711634828
388,221.22936123438512
389,363.81544448898313
390,530.1210255719071
391,671.3665284464149
392,807.3987148111061
393,914.7213268835626
394,993.6854830951971
395,1165.6942395888864
396,1416.2156132673074
397,1302.5395968066123
398,961.8013570680966
399,911.294128535388
400,814.6232130964023
401,629.4505253332403
402,446.5907835030697
403,201.00949383658556
404,56.290999590690795
405,0.40758727848748805
406,0.0
407,0.0
408,0.0
409,8.539662800879594
410,89.2471434059176
411,298.4984748716177
412,880.3102401272073
413,1946.493105044528
414,3124.454978599686
415,4068.3461501372485
416,4727.1851252244305
417,4990.092898175456
418,5033.849963557667
419,5033.44724916682
420,4799.992995414632
421,4369.196542643387
422,3757.0377170298407
423,3086.8568485252526
424,2105.200787005339
425,1202.8295428385334
426,490.539013036126
427,297.8584916137057
428,123.98813469517437
429,3.4854367521852696
430,1.2437438113986805
431,1.0448909465115148
432,3.4405999170138766
433,22.46189760016965
434,129.60785622459576
435,349.86859309977797
436,807.5027420643501
437,1586.9061778772393
438,2513.9586984000007
439,3169.017341795267
440,4007.912791687575
441,4403.903988269237
442,3868.4303606405247
443,2730.269887024324
444,1531.7820983999388
445,1089.2691494727178
446,1167.183789714312
447,1422.4649812726893
448,1040.2855425690032
449,590.3054497805703
450,296.49008793450895
451,156.22976085522777
452,59.1023912323788
453,4.820347246303964
454,0.624085925815921
455,0.7002096475377416
456,0.6439708578248059
457,1.6889725494844658
458,62.49182999897543
459,171.1410990677901
460,394.0149836513249
461,954.1773869861249
462,2510.26940666849
463,3223.0474339154503
464,3086.8406491378346
465,3714.6947630581926
466,4426.2602652103615
467,4694.9837392403
468,4595.7401741928825
469,4231.480113129824
470,3726.6473673939176
471,3039.962926045795
472,2081.060089246847
473,1213.2814938614642
474,544.2920067685794
475,308.88654919111383
476,119.15292464308608
477,7.3054909406695
478,0.0
479,0.0
480,0.0
481,13.359137925866278
482,96.95754054512886
483,254.64565404712943
484,724.6435851424535
485,1628.9917057950902
486,2775.142190691566
487,3697.8399779675033
488,4346.380405836818
489,4766.422407880659
490,4925.82586189773
491,4963.303066972574
492,4655.827473648723
493,4214.010264188507
494,3664.0152400674497
495,3010.4401319577737
496,2112.058728695531
497,1245.3519732553746
498,601.4419241245697
499,320.4229263880031
500,128.6015622404343
501,9.296103786456058
502,1.7572411475283611
503,0.8876735072000107
504,0.0
505,12.956726814807928
506,105.46635720844897
507,314.572143360288
508,726.4267384269722
509,1601.2894206173864
510,2771.5972571381567
511,3770.9826262053907
512,4482.360914996429
513,4767.750112477372
514,4563.413926903105
515,3961.6432849766275
516,3806.7818358611503
517,3599.6425570005777
518,2640.4370032978195
519,2188.6171065204535
520,1590.4141606593344
521,871.3461767954291
522,379.85161394530354
523,183.3313503745682
524,53.34261741845651
525,0.0
526,0.0
527,0.0
528,2.927048518809566
529,13.06491880970745
530,50.060163085553675
531,107.96117084401304
532,364.2959922224466
533,599.0484127267156
534,996.2684202228575
535,1081.5687451316676
536,964.991627439586
537,869.7852327563405
538,1537.7323810746534
539,3018.3046035090756
540,3781.391176770307
541,4016.199950436861
542,3559.9739456717575
543,2880.2904243932376
544,1856.2214982425014
545,1125.7820367629333
546,479.84255995282217
547,314.07317249798047
548,107.44975253037654
549,11.65750516954446
550,3.307302729331056
551,0.0
552,0.0
553,3.786924879517037
554,29.82271347780957
555,37.258377215385316
556,69.88946259941821
557,178.32056323477195
558,317.4584802072353
559,744.3036622201219
560,1264.926264782856
561,1074.3571475424167
562,854.4347128434752
563,833.3578058295589
564,833.24650774906
565,1504.433560883622
566,2299.1193045418354
567,2414.2790830517265
568,1418.9276298970656
569,821.8596583011918
570,430.02645507043167
571,192.10066675635724
572,58.35606489256897
573,7.766519207814938
574,0.0
575,0.0
576,0.51137543204037
577,15.438521279426789
578,97.53419460482661
579,269.8893379378391
580,701.0033263882339
581,1646.5032566664108
582,2745.119358172087
583,3781.844686993117
584,4426.7314536826925
585,4655.914058847822
586,4694.878076070139
587,4546.639679503212
588,4042.1195452388806
589,3553.085545720004
590,2700.58623739965
591,2304.171846780706
592,1731.1074474703678
593,1032.6226295400104
594,372.170532968282
595,207.20976753864548
596,47.52284387836691
597,0.0
598,0.0
599,0.0
600,0.0
601,9.07905296045811
602,93.70178329184692
603,276.6283278028137
604,645.4525974860089
605,1606.5515423514573
606,2669.726908045028
607,3647.05997409085
608,4343.09186400337
609,4720.184957514847
610,4812.779922826755
611,4866.0798033930405
612,4573.2150436317115
613,4022.050335670365
614,3046.3240563422837
615,2315.869709483444
616,1562.7130746871235
617,840.9205226468183
618,407.6071256295624
619,202.1512000010525
620,76.61554965691307
621,4.315776568563352
622,0.0
623,0.7087702163670515
624,1.128668639345336
625,6.491327336151965
626,80.93896025902765
627,221.71644254624965
628,324.7092193133226
629,498.9019673650055
630,643.4307172945308
631,748.2690545779595
632,1035.975125663597
633,1313.1275132643289
634,1045.1578859114816
635,909.3115740409761
636,1118.8456866929032
637,1005.5672263756645
638,978.9321926271627
639,701.8598673453514
640,514.4147156777038
641,302.12089076309314
642,148.94591596933145
643,73.25395072992558
644,25.91703240344288
645,1.0192865679501297
646,0.0
647,4.04460069648065
648,0.0
649,0.0
650,26.26662946668376
651,65.34202740305105
652,109.98014834531715
653,213.64881909460368
654,313.9237198130614
655,503.5566090206136
656,479.8662033886839
657,436.6263703853624
658,500.8471528073453
659,525.5880613286635
660,808.6840672638551
661,838.1132442786471
662,657.2648608140219
663,593.4441478647366
664,415.7223919182638
665,352.7214635256638
666,185.72191000545746
667,92.0048552362907
668,29.77222002728965
669,0.0
670,0.0
671,0.0
672,0.0
673,11.088895547356598
674,103.6741438560425
675,247.24131585228008
676,496.59518521663426
677,1207.8079496985943
678,2237.4269661882518
679,3082.000604425754
680,3690.1626613761146
681,4046.4961069558344
682,3983.102864761715
683,4000.4217593572503
684,3571.815573084165
685,3244.180217900271
686,2600.9526781784402
687,1955.6715853527246
688,1344.541439386172
689,818.0792054208122
690,418.10283000764804
691,245.6303850560594
692,88.57312623104558
693,12.825103210149837
694,0.0
695,0.0
696,4.181807231375137
697,6.174096940770115
698,60.78285968453857
699,143.67888624992634
700,270.8299857525532
701,249.83704355768808
702,363.5241529726741
703,758.8523417290453
704,1626.6312861823726
705,2372.9322599332186
706,2727.3363634456555
707,3121.7403635728206
708,3158.6396439751225
709,2218.2948904784344
710,1348.4110279727945
711,804.8941002393312
712,752.0504050497387
713,584.2842600114056
714,379.0839842875215
715,179.36449527186664
716,63.766122366204286
717,5.497842576224475
718,0.0
719,0.0
720,0.002068512333768011
721,0.0
722,0.0
723,6.784063432591913
724,55.365564313313854
725,160.64547857712896
726,313.6105561113625
727,416.50805641154386
728,482.9987173325102
729,509.9753412836832
730,499.2783805835203
731,452.46689748346637
732,410.2868783241478
733,437.73443108314586
734,384.5032507219368
735,286.3112494808722
736,196.6513369853883
737,106.56717063906389
738,38.977317412824554
739,2.1673775107001285
740,0.0
741,0.002035071145456694
742,0.0025382335085541376
743,0.002785244539584922
744,0.0
745,0.0
746,0.18787288805802166
747,21.05122620752813
748,105.77349812733351
749,182.2398627375111
750,318.421052928954
751,473.2343074441159
752,600.9244296773303
753,661.0283052775544
754,655.8229074745366
755,669.8410224625591
756,660.4850145840327
757,669.7851515193207
758,603.7608936439979
759,439.21878665132937
760,266.30284127651265
761,126.49694958260763
762,45.365589448538714
763,9.750491553320545
764,0.27319765519968925
765,0.0
766,0.06130987853843188
767,0.03615912365318363
768,0.03046241021144361
769,0.0
770,0.9068319552634967
771,39.29948181362533
772,128.28474328055418
773,293.5554543292605
774,495.93125599267427
775,666.2721057967905
776,811.533215296407
777,900.5047229310788
778,924.8624102029243
779,813.4437302784263
780,778.9097939017682
781,740.8722542270102
782,579.4686122772799
783,392.16957758153825
784,274.42715463461593
785,158.0570900898678
786,75.40919942070471
787,18.13510930258768
788,0.02706376247119945
789,0.0
790,0.06809040354508798
791,0.06994644760991726
792,0.020328216579947364
793,0.03169652884449537
794,1.035885403538388
795,28.451386781310532
796,106.41198994164235
797,266.2695223415865
798,472.60371985358086
799,654.9391608758734
800,767.3108551765125
801,633.120361035793
802,660.8056454086412
803,616.0677175460506
804,599.4589711204733
805,661.0692089622904
806,631.5732655164733
807,525.854917356781
808,329.89540110962184
809,151.88299129785403
810,68.29042331480015
811,20.71989690117395
812,0.28874569127503924
813,0.4974291897067941
814,0.2745687897922703
815,0.3732650786369046
816,0.006108132061720884
817,0.03736504688716945
818,7.022546060521464
819,55.08905944421697
820,134.6103978586894
821,286.42863350489256
822,469.099688686795
823,648.669520032707
824,800.8282625462725
825,871.307589956142
826,917.310247728852
827,942.1408667735903
828,921.0856193832693
829,839.9712907011676
830,699.7914769885433
831,491.59160400015304
832,356.5382836687708
833,192.5274179060029
834,94.78298778553535
835,32.095221932335676
836,0.7278149420466818
837,0.0
838,0.0
839,0.009619750172684134
840,0.012964338559129982
841,0.027100232676050297
842,7.010440351241357
843,52.875628307776246
844,164.61709467441798
845,323.9503637292858
846,506.0916188840461
847,660.1732968438735
848,683.6661673135858
849,672.7502429701224
850,659.1812797746934
851,657.0676334870702
852,672.1877266973644
853,715.9861933163356
854,662.0853609491245
855,455.76931579544475
856,312.5336294623832
857,187.88234683713472
858,93.10205629381225
859,33.99384134924544
860,1.2481918955084241
861,0.0
862,0.0
863,0.0
864,0.0
865,0.0
866,7.696871510250574
867,56.52835984262512
868,169.78360245402538
869,331.61972030217566
870,524.5992251921598
871,699.2002088718477
872,828.2075388172565
873,883.5289199715917
874,854.8585024908454
875,823.2041508062213
876,748.6931996194543
877,761.481578763429
878,654.2591271546775
879,467.16981890006724
880,324.98444900060525
881,180.62899532617288
882,88.5458078762847
883,31.860306894807653
884,1.0199610251102689
885,0.0
886,0.0
887,0.0
888,0.0
889,0.0
890,0.18011275826594744
891,9.003230770399558
892,23.660530091515906
893,42.17919592782496
894,64.77241887507036
895,96.68523614170111
896,129.6935998927481
897,147.44230710573459
898,178.24033645942555
899,259.37226698392647
900,344.2402361907403
901,345.1013450744686
902,385.4025327868232
903,335.57429614999853
904,226.05179031151127
905,134.42709095230464
906,67.71197000184083
907,27.114297392231894
908,2.0638787027342276
909,0.0
910,0.0
911,0.001675785911215693
912,0.05759868034092204
913,0.07809520877861173
914,5.539840475781958
915,34.78180852117123
916,76.77322988955378
917,132.6944092722942
918,253.68877921730825
919,378.98057239856604
920,355.81381129076993
921,402.9074789023771
922,464.18387568306076
923,431.76287600443214
924,473.2294188420769
925,494.3158475372253
926,439.3806831739208
927,239.75570330871736
928,143.1245818468261
929,75.30222648249479
930,40.12831886032188
931,9.44391330277199
932,0.0
933,0.0
934,0.0
935,0.0
936,0.25926282964612174
937,0.20100629151778435
938,0.6366998681427348
939,13.208689835085984
940,27.342408383664953
941,50.50658867998943
942,101.76787703485861
943,224.12553098002616
944,314.6309163220763
945,299.564278123208
946,298.90803711061454
947,276.3715684233014
948,248.69726346742252
949,189.89866577525342
950,161.40625476900937
951,128.88656128816794
952,83.12207592475545
953,51.21796758947698
954,36.09277999469637
955,17.441739754444594
956,1.1093559472782215
957,0.0
958,0.03253901517138586
959,0.032446729536511315
960,0.0
961,0.021336545755953763
962,0.9895513724212648
963,13.701144977996018
964,55.35147401402109
965,128.7639515686011
966,268.7425912323682
967,353.7822564171001
968,276.78359386985693
969,206.00667972115255
970,243.98964038431765
971,267.70955131390167
972,299.17070846148425
973,292.08825699319056
974,317.8641580793351
975,326.45299849498116
976,258.2022408779454
977,166.84331093604814
978,92.83842172900661
979,39.248746268771086
980,4.259435950159301
981,0.12334800390494284
982,0.10526536104147395
983,0.08491462895923638
984,0.14960146407606392
985,0.21912649485295937
986,9.198234727207792
987,41.10855201012093
988,94.14435163236203
989,143.55019851564435
990,223.88578226626214
991,290.754314148427
992,337.9809269543555
993,337.9775648479573
994,389.96378967305026
995,401.24640400645825
996,367.8480609774604
997,346.5461090046079
998,322.70749982018896
999,254.18404768161798
1000,156.5113536996708
1001,87.90276275286101
1002,42.05502525173699
1003,13.979612062190206
1004,1.3198857052640223
1005,1.0748835716947998
1006,0.5907571106427515
1007,0.0094252121411443
1008,0.3184840917891394
1009,1.700089588809012
1010,11.325989981661918
1011,43.00295488138929
1012,89.27041941221769
1013,177.04985925104418
1014,233.1886026840287
1015,253.5739996451806
1016,311.2201293185288
1017,403.78163603051837
1018,404.4732223159535
1019,338.14034234338084
1020,325.4590571697123
1021,308.68397860035066
1022,283.2592902428121
1023,239.43119281500788
1024,174.80238815921552
1025,125.99393328047032
1026,78.52629397586935
1027,33.6315108155052
1028,5.2492753271060915
1029,0.3056053589062709
1030,0.24624075793044078
1031,0.10472078712276621
1032,0.21208583564995012
1033,0.13975594199323238
1034,7.612695304260478
1035,48.71778384742561
1036,107.56170687313562
1037,183.62434830690333
1038,234.97705430564554
1039,343.8917087931408
1040,441.44716631090324
1041,469.66333741628625
1042,450.5217313113513
1043,424.725198394224
1044,370.0863420869866
1045,296.2917798352935
1046,214.51258764209362
1047,150.59355817038238
1048,100.0714539919111
1049,65.42464071684937
1050,34.332876579894965
1051,14.39383370624759
1052,1.8290339846416588
1053,0.6499047397418227
1054,0.22751857775883366
1055,0.2773605389556841
1056,0.749113129504753
1057,0.11720097399845035
1058,1.4371294776534347
1059,10.41383497702979
1060,50.56692927925662
1061,107.52058690994559
1062,136.58657037240545
1063,169.23625178932127
1064,219.8015066046996
1065,266.61454695496826
1066,309.21525126292477
1067,319.11894891762256
1068,278.2678757156384
1069,256.57371609378055
1070,221.18090927166813
1071,192.49517488755265
1072,142.44967615055887
1073,90.2549243679303
1074,56.71805710426008
1075,25.28891756875967
1076,4.467622597908138
1077,0.6635047389602421
1078,0.25956893175989804
1079,0.12848957357997592
1080,0.16564566857408133
1081,0.4744004254292389
1082,4.5835524449542415
1083,31.885088857796394
1084,69.25883641742426
1085,97.96904554420607
1086,151.63937365824336
1087,230.79293482123168
1088,307.3077277579877
1089,342.6137405864872
1090,369.61407757899866
1091,409.0402395751604
1092,400.0915328741375
1093,332.99776318247575
1094,265.7741763670387
1095,219.94569930464516
1096,192.01084158958562
1097,145.22010137248287
1098,77.66601929698611
1099,24.600235499865107
1100,2.165556680318307
1101,0.4175245502042426
1102,0.28083091809703525
1103,0.2078419237788056
1104,0.21824886269693297
1105,0.4657173148137256
1106,2.763168910272104
1107,16.227862558388058
1108,53.0474468577964
1109,87.50285440894162
1110,118.82697422367848
1111,154.77356651865978
1112,192.3757264021767
1113,236.06975699815436
1114,259.97232795147397
1115,280.17889571637966
1116,321.0127349979711
1117,297.8910542896367
1118,232.16863521539116
1119,202.5856868582646
1120,189.27559518124974
1121,154.49111148050196
1122,101.02698785337994
1123,45.54701077002814
1124,8.058126466192478
1125,0.0759475911417126
1126,0.03922628998193877
1127,0.05345677902447283
1128,0.3262471060773416
1129,2.453441498195483
1130,31.592676984502734
1131,99.52716864425402
1132,236.60260272474997
1133,410.6932213587856
1134,609.7544363998188
1135,765.3475725795251
1136,877.9502012553112
1137,942.482590911074
1138,961.3167264357199
1139,972.2364138613332
1140,951.4339823362762
1141,878.4136835106675
1142,739.8112364929385
1143,589.6913133591077
1144,415.1299709480842
1145,267.26718050507054
1146,145.74311949767866
1147,66.28608258217649
1148,13.625070359946163
1149,0.09203486517213905
1150,0.0
1151,0.009262198264187673
1152,0.03436232966897349
1153,1.6919133738395344
1154,26.215561989528805
1155,85.9732603264666
1156,221.67156584443853
1157,349.77465398626015
1158,521.262943387716
1159,625.3355178677043
1160,770.3178440181334
1161,868.4536383601156
1162,736.8941794032507
1163,548.2114507139152
1164,385.92449882538773
1165,258.84578071508525
1166,261.1360115077472
1167,341.8809985105272
1168,265.2624932886246
1169,139.47662316553067
1170,70.4727142434974
1171,37.290271528179666
1172,9.95130253634101
1173,0.03902304610529361
1174,0.0
1175,0.04865289057757518
1176,0.013447599867465902
1177,0.3970232187810892
1178,11.675834399602634
1179,49.259595306995266
1180,102.50296627726749
1181,280.5168584923363
1182,493.8556067860943
1183,603.0578191389251
1184,598.8911169661986
1185,755.9134695208509
1186,881.8613952605858
1187,930.317355219744
1188,919.2775699664329
1189,861.6318136495323
1190,755.5054395166229
1191,603.7191777821064
1192,425.70502622893093
1193,275.6032678122055
1194,140.89495012023386
1195,65.69185366476879
1196,13.707440872070348
1197,0.2810529475897066
1198,0.02962960847940084
1199,0.028320040548715352
1200,0.026502336384505328
1201,2.0224934149128018
1202,28.533936153035146
1203,86.31079270974637
1204,202.06957137282458
1205,374.68593799789124
1206,547.2279657616714
1207,699.7198411945204
1208,824.9939512644651
1209,896.1541902731568
1210,927.724078961736
1211,930.1373584857206
1212,906.9330894310077
1213,831.8027852270006
1214,724.9112170158951
1215,587.3729465521279
1216,423.7733659507337
1217,276.01309837169015
1218,149.03335579030193
1219,69.13322874409779
1220,16.438800693245838
1221,0.31999752283269045
1222,0.06995626739682452
1223,0.04322082374722365
1224,0.0
1225,1.555202908773054
1226,28.004448154314094
1227,84.0395664515508
1228,192.42369793764294
1229,348.7618905879926
1230,522.8075061358518
1231,678.1550010341668
1232,798.3703841961919
1233,846.4429213268719
1234,863.9542802274474
1235,717.915748173155
1236,749.722613220576
1237,645.8842166483854
1238,538.4272996053495
1239,460.50963202591373
1240,344.8693058910009
1241,199.9025974267113
1242,104.2090518825591
1243,42.08892019599201
1244,10.633791118565647
1245,0.0
1246,0.0
1247,0.0
1248,0.0
1249,0.1252834013619399
1250,4.693043699334635
1251,19.413061185560547
1252,66.32445240394642
1253,130.72985594390187
1254,215.6689270749096
1255,268.70354424820266
1256,226.19366353179785
1257,169.3059134525927
1258,394.363689509994
1259,601.9025958154782
1260,741.5892548621022
1261,781.0847515769024
1262,685.955569138954
1263,532.752336114856
1264,360.89043828271423
1265,234.05149350534694
1266,120.15431052438862
1267,55.15590371588705
1268,12.507183037190048
1269,0.22459306215528174
1270,0.0
1271,0.0
1272,0.0
1273,0.0
1274,1.8067899424467002
1275,16.398464387091106
1276,32.578428308047975
1277,47.49555407234924
1278,73.448212389136
1279,186.62894891602528
1280,270.37190179987425
1281,251.92662841114614
1282,224.46229705111412
1283,202.17967550723742
1284,196.9218841556395
1285,333.36238891902934
1286,533.5076355470063
1287,457.3807753283969
1288,311.62814145195284
1289,198.82449527434736
1290,108.04737174560533
1291,50.544164465548754
1292,10.907870758350539
1293,0.0
1294,0.0
1295,0.0
1296,0.0
1297,1.8333109497205087
1298,23.266184408401315
1299,85.29174962009662
1300,195.84179069337222
1301,351.65102229513064
1302,528.375028734595
1303,670.757632249087
1304,770.2146791802011
1305,810.5665907049562
1306,831.2171941789856
1307,828.1046358301436
1308,759.4400972646091
1309,687.0555578360968
1310,513.8361096238218
1311,437.7202915711361
1312,335.6724094180903
1313,211.60353269170375
1314,103.2988884589429
1315,42.54216949298979
1316,3.908955703910142
1317,0.0
1318,0.0
1319,0.0
1320,0.0
1321,0.7804624519653934
1322,23.49306734628939
1323,73.56625128589852
1324,183.19015706941101
1325,339.1590692848308
1326,489.4364270503648
1327,658.6978277181784
1328,776.089371283153
1329,846.7848970607054
1330,866.7529552897045
1331,863.6725064201474
1332,836.0096053568673
1333,758.5127801368787
1334,584.0144165435632
1335,468.9551928993532
1336,326.4103018185521
1337,198.17723623272911
1338,104.85017624298716
1339,45.68690881125407
1340,10.585416119427281
1341,0.0
1342,0.0
1343,0.0
1344,0.0
1345,0.0
1346,18.938743059873406
1347,56.37754280707272
1348,103.26132351874298
1349,146.9003538589474
1350,185.725247874312
1351,216.51458297876707
1352,246.0031128426951
1353,321.7465650462305
1354,302.06872031485074
1355,239.7728202205406
1356,270.94628797673425
1357,263.9683270046255
1358,230.9326357821847
1359,195.34041689163905
1360,125.30009773792705
1361,83.33258019410033
1362,41.228401295340234
1363,15.407340203914764
1364,3.136587948871112
1365,0.0
1366,0.0
1367,0.0
1368,0.0
1369,0.0
1370,3.1495051962827527
1371,14.872733249336603
1372,27.823792411592976
1373,46.02034286353521
1374,84.08462125350756
1375,130.63327033630122
1376,124.87189282489481
1377,123.16196172393155
1378,163.26905968165363
1379,170.24859988145968
1380,206.23563580914958
1381,210.3515226794052
1382,183.28000961836216
1383,152.61464618128673
1384,113.44128830449495
1385,79.69764346566215
1386,48.02967977237417
1387,18.868234683231304
1388,2.675520287808052
1389,0.4443798351179256
1390,0.06766394465517743
1391,0.22952302477877984
1392,0.0
1393,0.3164899080889957
1394,17.527391225740015
1395,56.67749860074712
1396,142.28059444043177
1397,240.25317066916813
1398,390.2360384331925
1399,533.521200195322
1400,639.5034830334241
1401,690.0784024161617
1402,708.4678947516057
1403,699.8892226942088
1404,669.8296866174418
1405,573.3330050253949
1406,424.9448358254545
1407,313.31040758346313
1408,212.13446657828715
1409,143.0642042162762
1410,84.05615101842109
1411,43.11652157991943
1412,9.659350955892474
1413,0.23499819308123218
1414,0.3168163395360208
1415,0.0
1416,0.1645246893984196
1417,0.20157584454059957
1418,8.36808800076276
1419,35.42756128009568
1420,71.53697097842486
1421,73.88665310528941
1422,103.21238191259008
1423,170.29654660993648
1424,313.75349362234954
1425,457.6283724054438
1426,480.2948619036595
1427,580.1972974425202
1428,539.1668987168119
1429,376.0027840924466
1430,269.55612896069607
1431,187.82960375423426
1432,152.21900536728
1433,123.4555181573507
1434,89.98743820659234
1435,48.39161497366997
1436,12.93229287809158
1437,0.24182923966724995
1438,0.08203689173659737
1439,0.0932163750047157
1440,0.0
1441,0.0
1442,0.0
1443,5.231431042951092
1444,32.272975852066686
1445,80.81707332475551
1446,188.54442464674767
1447,288.9204350606484
1448,364.85299250393774
1449,418.4885549908875
1450,432.8970229367347
1451,399.13396283786443
1452,288.7173425477739
1453,298.88754005855964
1454,320.71993820836747
1455,251.73989709534678
1456,177.55212985344394
1457,102.31214821527733
1458,37.05814088542829
1459,2.1166816919771607
1460,0.024988853522999784
1461,0.010816005111079038
1462,0.0
1463,0.0
1464,0.019648307636232473
1465,0.03743502477646272
1466,0.0
1467,13.078027035506123
1468,55.36939115162848
1469,119.26857740997052
1470,209.185289508821
1471,334.80482126937585
1472,453.1123092659015
1473,522.8522478411527
1474,546.1517049067501
1475,546.5557724983016
1476,541.0632648671226
1477,528.9190195874188
1478,505.2225662768492
1479,406.581293221623
1480,286.56365418951947
1481,167.97009977203257
1482,51.97628016175649
1483,9.757547112221458
1484,0.23022768247266592
1485,0.07599445923062154
1486,0.011746398261514841
1487,0.01097145147735111
1488,0.002944197967395291
1489,0.003543426478627328
1490,0.4798635286842911
1491,31.155424138089973
1492,92.33433636536425
1493,188.15520639476938
1494,339.4791849720339
1495,500.7985169842072
1496,649.4812405290274
1497,744.8319254125595
1498,761.4037295199682
1499,692.6165267069449
1500,646.1412604499153
1501,626.0511404465364
1502,517.2977691942511
1503,360.33306900539804
1504,230.31078678803456
1505,152.0818155601664
1506,72.59573312633538
1507,16.040592815187992
1508,0.0
1509,0.0
1510,0.0
1511,0.0021978235639551215
1512,0.0
1513,0.0
1514,0.06828805931165292
1515,21.6521636378708
1516,66.97541061370818
1517,164.50893000981497
1518,320.3717192080351
1519,459.9530633272629
1520,579.0744730632944
1521,584.3377865376991
1522,560.0363107778021
1523,558.8969373753653
1524,522.4143133877861
1525,523.406806035409
1526,545.3994721068229
1527,461.79709153535146
1528,318.8901843268858
1529,156.02105195348284
1530,66.55354362995412
1531,19.387041365996833
1532,0.012844432184559048
1533,0.026006452460447683
1534,0.04132440335570382
1535,0.021844372478566004
1536,0.0
1537,0.0
1538,3.7953303660194257
1539,34.66558730641467
1540,90.97707331127828
1541,185.64239447093487
1542,348.6438339271467
1543,509.9882649550583
1544,622.5470195177376
1545,699.4630861122923
1546,759.8582821047817
1547,793.2027573080054
1548,772.1497025998718
1549,714.9869003698361
1550,605.9677183471252
1551,445.5173718460796
1552,302.1965387820949
1553,187.6091548706417
1554,84.80855073639134
1555,28.879154563518814
1556,0.3652132590527639
1557,0.005621735342243049
1558,0.0
1559,0.0
1560,0.009843010562054302
1561,0.0
1562,4.043331317578472
1563,36.86574574134909
1564,102.4920316819504
1565,205.88603782596556
1566,366.02150172733593
1567,506.6183965951053
1568,572.3945273493364
1569,551.6094768197925
1570,537.605299474841
1571,537.095116289822
1572,541.449877964131
1573,562.7867286266843
1574,541.6668014296795
1575,414.79909417396493
1576,288.91175365090345
1577,176.21254041071228
1578,94.21220051815338
1579,30.759731701010605
1580,0.762778354129343
1581,0.004563333660820693
1582,0.0013310632116013555
1583,0.00010405185620995974
1584,1.858978508949355e-05
1585,0.0
1586,4.786086204624375
1587,39.216675612627874
1588,102.02903234119158
1589,209.64436089931124
1590,373.9632668217287
1591,542.5884003954839
1592,668.8293269155861
1593,706.987083505101
1594,696.3125412870943
1595,681.3172426875641
1596,647.1127953575266
1597,606.8446713534562
1598,550.7707197636014
1599,410.36531077556356
1600,285.2216270012066
1601,178.44452633971278
1602,83.75537437188754
1603,31.07254145748645
1604,0.5335650863033916
1605,0.04813326621719078
1606,0.0024552332522795096
1607,0.0
1608,0.0
1609,0.0
1610,0.24310197668493752
1611,10.662451132876768
1612,21.856746051171694
1613,35.51181029109728
1614,60.46640055846069
1615,87.19587552590134
1616,104.9603159611858
1617,111.0104061886516
1618,140.51705769288407
1619,203.86037874361523
1620,290.0742511247891
1621,331.0683659574705
1622,318.74175479653377
1623,286.9092618547153
1624,212.4175596609385
1625,128.9479323954668
1626,68.93532266602791
1627,21.035960109650418
1628,1.4612638115861312
1629,0.0
1630,0.018929692825268678
1631,0.019895771560725205
1632,0.0
1633,0.0
1634,5.5847071866322775
1635,31.19258421446576
1636,52.62130768520834
1637,94.74093563714078
1638,208.79623498218885
1639,325.73895704661703
1640,384.6039179247345
1641,410.0575132589285
1642,436.576638246564
1643,427.4043528906387
1644,443.0861519605716
1645,450.96028162212696
1646,372.74899030735736
1647,260.6071961499883
1648,148.73037079639334
1649,74.58059464919016
1650,42.242794436714796
1651,12.446078795973538
1652,0.1057973154700734
1653,0.0
1654,0.0
1655,0.0
1656,0.0007099838483317842
1657,0.004432270871334615
1658,2.2797865700355664
1659,17.60318002960885
1660,23.43398202833867
1661,48.85380778597119
1662,97.45747934600254
1663,178.97824734409377
1664,261.41942746469454
1665,257.95024236622123
1666,240.5657976087532
1667,235.4736945401514
1668,217.69360754034844
1669,188.48694292510334
1670,150.18853857311487
1671,109.17458414992291
1672,86.80577724783703
1673,53.54985153605943
1674,34.094413226320796
1675,14.642316374909516
1676,0.43194513055194134
1677,0.0
1678,0.0
1679,0.0
1680,5.611539120502345e-05
1681,0.0
1682,1.3183984910003856
1683,15.065048597922104
1684,36.611373286516525
1685,95.75189398958325
1686,195.31518829369352
1687,315.0818394100785
1688,287.959905340076
1689,196.28434020736105
1690,187.04200336805147
1691,236.01173698848714
1692,272.34439212587586
1693,261.6685594079355
1694,266.33397209158153
1695,291.10395041869054
1696,253.92097577401364
1697,169.76049984764057
1698,98.59401950145714
1699,35.53242678901417
1700,6.797993272156186
1701,0.02220503476650612
1702,0.0034364432288729245
1703,0.029583452545074072
1704,0.008268646486260403
1705,0.013044572659752457
1706,10.716924697632232
1707,32.21954455019918
1708,72.47753982364387
1709,122.13334506637962
1710,202.84749082302278
1711,263.9139354080281
1712,297.11039881415206
1713,314.51059586553305
1714,310.0123847309048
1715,323.68698062292816
1716,323.95446296832694
1717,299.21055941110575
1718,297.8581011365615
1719,259.61053082971836
1720,170.94005065715675
1721,90.84513927763903
1722,44.825321702060535
1723,16.891615764021697
1724,1.3275443604553172
1725,0.0
1726,0.0
1727,0.0
1728,0.0
1729,0.0
1730,10.737888015915964
1731,31.38241057611556
1732,61.299105598720836
1733,110.84297403178907
1734,194.57578846153447
1735,226.5593293595557
1736,251.73384127805974
1737,319.12515612678004
1738,356.87565545554963
1739,310.65584913226104
1740,268.16102029962036
1741,253.6611086478997
1742,237.26870084473123
1743,207.8497276410352
1744,163.79716115924407
1745,121.06279304240815
1746,77.05828391722427
1747,30.6651862046941
1748,8.708224427671254
1749,0.0
1750,0.0
1751,0.00987875549424898
1752,0.022365713455073613
1753,0.0
1754,10.166535943959072
1755,31.35295717304115
1756,76.1297365543785
1757,128.96362964949432
1758,209.38238524532937
1759,290.69871707304526
1760,358.31937723195944
1761,372.03025975634904
1762,367.7810285061514
1763,356.3641445202409
1764,317.2186846009492
1765,261.9866253803472
1766,195.49744672158488
1767,136.21419030708714
1768,110.7534688246715
1769,66.17656744422725
1770,32.67850484713748
1771,17.268439150645413
1772,2.216478424646653
1773,0.0
1774,0.0
1775,0.0
1776,0.0
1777,0.017249959525871477
1778,1.167074732558805
1779,8.782991444935591
1780,37.217298022964606
1781,80.29775593908766
1782,119.49205000632307
1783,153.89842262193642
1784,180.38834048029997
1785,211.8273656373921
1786,247.65935031558632
1787,257.411530302
1788,241.11072686070628
1789,227.7693874583656
1790,202.37982126397284
1791,179.59794407253608
1792,139.00673808848057
1793,88.39906417857338
1794,54.78071872344323
1795,27.07537622701902
1796,5.65471804092607
1797,0.0
1798,0.0
1799,0.0
1800,0.0
1801,0.0
1802,6.019729370419595
1803,24.691247458659692
1804,50.93638599302213
1805,81.85943099201945
1806,130.86754283768417
1807,196.9890096184616
1808,249.30024509032745
1809,282.09041965552217
1810,293.85689844113637
1811,310.57724452060273
1812,314.25817158598335
1813,287.8007298512679
1814,223.83114998665746
1815,188.42783651430057
1816,171.4255493587957
1817,140.91039061946347
1818,79.14203362475607
1819,31.926609526799467
1820,4.0990150220654415
1821,0.0
1822,0.0
1823,0.0
1824,0.0
1825,0.0
1826,3.192146760661173
1827,19.615382099521444
1828,43.98570138361933
1829,77.61843587546579
1830,121.54773289639091
1831,140.03117057532154
1832,163.5548060598911
1833,194.8835677513138
1834,210.3977159314279
1835,213.4316162938453
1836,251.46611766565476
1837,257.1393463580048
1838,205.35843866336123
1839,172.0137352170121
1840,157.28282513472107
1841,135.28413649631435
1842,97.83493960237656
1843,40.66663517328098
1844,13.594984856331678
1845,0.063009867390034
1846,0.08278658550935514
1847,0.0025346211583081716
1848,0.07287508375057046
1849,0.054929851390141574
1850,17.27916583932293
1851,53.096222527813026
1852,132.6509126991531
1853,258.56919235569677
1854,439.1954803191504
1855,608.1084589920268
1856,719.7140497140289
1857,791.3328932340303
1858,820.6722310148235
1859,830.6582073703356
1860,826.1241745181629
1861,780.6500430194508
1862,649.071612377726
1863,532.0825900746952
1864,380.62850125242954
1865,256.3360709580197
1866,135.82372541514368
1867,53.11713272615462
1868,11.83070372611723
1869,0.0022549665151210528
1870,0.0016187997418872612
1871,0.0
1872,0.04799682614193144
1873,0.1133866727730948
1874,16.800305451813642
1875,55.67843927465279
1876,121.60630023027744
1877,243.11384107845006
1878,383.51458131241253
1879,488.4995322926152
1880,581.3124369639645
1881,694.413479999925
1882,670.8811395582959
1883,530.1994273734311
1884,349.30263874708254
1885,237.7133189248852
1886,199.41183283517185
1887,265.0837481587346
1888,236.40127870969937
1889,137.16981979437912
1890,63.44566294300169
1891,31.10584304361591
1892,11.727219260861375
1893,0.0
1894,0.005097346628992379
1895,0.017542018135388537
1896,0.02515684967880604
1897,0.03806030963004144
1898,10.99963577858584
1899,32.33793968576703
1900,71.96255012059865
1901,154.20568279344312
1902,377.52592535384963
1903,511.00048513421154
1904,557.0066673844779
1905,581.1570842207606
1906,684.3541941895485
1907,790.568799265279
1908,801.1388783619053
1909,757.4358801824885
1910,655.1730518795762
1911,547.5231490816337
1912,383.23572964916934
1913,248.9839946075765
1914,128.93211830166575
1915,50.16529059735297
1916,11.631188582494508
1917,0.033036967699673195
1918,0.01654691385754847
1919,0.005504316293457671
1920,0.018257272585467898
1921,0.01632308957996124
1922,18.545514894213294
1923,54.06010144754306
1924,118.37623863492833
1925,241.4995793019882
1926,409.9039126677379
1927,584.119389059768
1928,692.7217943033586
1929,778.5245979298487
1930,826.3418235882494
1931,834.7385928251366
1932,824.3014500296557
1933,781.9574520658684
1934,663.4529959466004
1935,547.5578992617018
1936,385.87643621133066
1937,257.0000970760014
1938,138.42230449822583
1939,56.539710333194165
1940,20.49275434669424
1941,0.05322353170237123
1942,0.0172767613397479
1943,0.012825276497973565
1944,0.020306105922943806
1945,0.09347696661772616
1946,19.053961231030474
1947,52.38689091370314
1948,114.65107741548358
1949,227.49323840781213
1950,403.70878948811577
1951,586.8370640960392
1952,696.6013731956618
1953,773.029787378534
1954,768.5688439811681
1955,672.3434788879898
1956,634.5078230094598
1957,658.7694539614328
1958,484.73003417717615
1959,389.7117246592072
1960,305.0947884973334
1961,192.52427701279504
1962,91.98550112318325
1963,41.62269900099825
1964,13.249440646955103
1965,0.0
1966,0.0
1967,0.0
1968,0.0
1969,0.0
1970,5.674018978037009
1971,16.291762834159293
1972,46.77217460770512
1973,91.1464791589829
1974,161.185738154994
1975,229.03726888373274
1976,218.0235296423835
1977,174.69987442067554
1978,289.8529237121553
1979,487.3862115563244
1980,617.3413617106262
1981,696.1908328280667
1982,630.3777269300705
1983,521.6145617479348
1984,354.409638700359
1985,242.83483653773578
1986,118.52162759280775
1987,48.748684429938606
1988,17.20789423797443
1989,0.0
1990,0.0
1991,0.0
1992,0.0
1993,0.0
1994,2.879559415238188
1995,16.76730870819942
1996,25.35726452609781
1997,34.58558343116559
1998,63.613880499416574
1999,132.9031328386308
2000,207.05088169959035
2001,211.1553851998521
2002,186.80239119988957
2003,175.1554393377267
2004,177.849366661658
2005,290.3624531256196
2006,396.9244721447231
2007,408.26197562267475
2008,290.7095021463013
2009,166.36060525597057
2010,100.32698377951371
2011,43.83012541404183
2012,13.128833826530641
2013,0.06519030101785424
2014,0.029415768815734256
2015,0.10446986671087098
2016,0.023013102073280233
2017,0.012863961811206904
2018,19.000241885554136
2019,52.81111215853216
2020,113.47206090244318
2021,234.63349340999466
2022,409.1881874046793
2023,580.3928601607904
2024,680.1219460076834
2025,740.9996397180784
2026,774.2336697238344
2027,780.4543072020555
2028,711.987767888744
2029,669.6781884578212
2030,524.6367521205116
2031,412.54810105892335
2032,332.2322803151477
2033,225.27562485320618
2034,116.86321153322194
2035,46.99195235281909
2036,16.08795673035976
2037,0.0
2038,0.0
2039,0.0
2040,0.0
2041,0.0
2042,19.73774806635734
2043,50.273267632076006
2044,111.95049345542334
2045,222.99495705250976
2046,382.1639823695703
2047,518.9069694542837
2048,633.3922764807165
2049,740.5967233122685
2050,786.481036371397
2051,802.9069315302603
2052,784.1173191636942
2053,739.8048841727939
2054,577.0447893274702
2055,414.3619411803588
2056,292.8713823107559
2057,185.07738655639128
2058,92.56836126571035
2059,43.87772338147521
2060,13.249638434327716
2061,0.0
2062,0.0
2063,0.0
2064,0.0
2065,0.0
2066,14.644005091597304
2067,45.211771312379796
2068,79.16537178761592
2069,114.35663164261453
2070,154.6746013746283
2071,179.63230975272054
2072,198.3461678172129
2073,256.3738508624363
2074,277.051802648071
2075,237.5072383550605
2076,225.87685250453265
2077,234.43400927166792
2078,204.71055800036473
2079,163.7504829725604
2080,121.95346836829108
2081,79.65220772028614
2082,40.14693862155584
2083,16.517749775397025
2084,6.339074524701825
2085,0.0
2086,0.0
2087,0.17035936645764257
2088,0.0
2089,0.0
2090,3.820596494567714
2091,14.473793271609111
2092,19.215493579307648
2093,45.91445091241339
2094,86.92795485558929
2095,113.73392147064914
2096,116.23795813175033
2097,121.7539685470975
2098,150.28983000169967
2099,158.1555259423991
2100,181.04288758882575
2101,192.26650360260106
2102,172.8612365642435
2103,148.43454285909712
2104,114.28712662509865
2105,81.15827492636927
2106,46.07007206978769
2107,21.69312426195361
2108,5.610515424648088
2109,0.0
2110,0.0
2111,0.0
2112,0.0069850360662794585
2113,0.1438705917570316
2114,18.168618294500114
2115,48.18660426162391
2116,108.61025629800416
2117,189.51673259430459
2118,346.1622475673056
2119,483.4602888513501
2120,573.9728434551233
2121,630.6521091405392
2122,646.086042047487
2123,628.9349596999737
2124,609.9291105754277
2125,573.969469398194
2126,432.4357389854028
2127,328.9419910571025
2128,232.50684680005705
2129,154.93570840484404
2130,87.82731043910836
2131,44.06500266258639
2132,12.792804921288672
2133,0.0
2134,0.04775530244801921
2135,0.09178893521728669
2136,0.0
2137,0.03399833090727388
2138,9.515168653938217
2139,27.274087657096562
2140,58.455488332221876
2141,74.23445869650666
2142,112.52452729600454
2143,171.29863767718797
2144,255.71210749735474
2145,360.0125463574166
2146,421.9410004900128
2147,470.49133735980047
2148,491.2273882594125
2149,388.18006228770633
2150,258.5438448845006
2151,186.140498357394
2152,142.56740334122946
2153,117.89218485138399
2154,81.55414739748115
2155,41.254428229881924
2156,13.226437311094651
2157,0.0
2158,0.0
2159,0.0
